{
    "name": "Template 1",
    "version": "1.0",
    "author": "default",
    "layout": [{
            "id": "",
            "name": "header",
            "type": "Section",
            "cssClass": "section-black",
            "columns": 12,
            "order": 0,
            "childs": [{
                    "id": "",
                    "name": "information",
                    "type": "Container",
                    "columns": 12,
                    "order": 0,
                    "childs": [{
                            "id": "",
                            "name": "information",
                            "type": "div",
                            "columns": 12,
                            "order": 0,
                            "childs": [{
                                    "id": "",
                                    "parentId": "",
                                    "name": "FULLNAME",
                                    "type": "Label",
                                    "editType": "Input",
                                    "order": 0,
                                    "text": "[FULLNAME]",
                                    "placeholder": "[FULLNAME]"
									
                                },
								{
									"id": "",
                                    "parentId": "",
                                    "name": "FULLNAME",
                                    "type": "EditLabel",
                                    "editType": "Input",
                                    "order": 0,
                                    "text": "[FULLNAME]",
                                    "placeholder": "[FULLNAME]"
								} 
                            ]
                        }, {
                            "id": "",
                            "name": "information",
                            "type": "div",
                            "columns": 12,
                            "order": 1,
                            "childs": [{
									"id": "",
                                    "parentId": "",
                                    "name": "JOBTITLE",
                                    "type": "Label",
                                    "editType": "Input",
                                    "order": 0,
                                    "text": "[JOBTITLE]",
                                    "placeholder": "[JOBTITLE]"	 
                                     
                                },
								{
									"id": "", 
                                    "parentId": "",
                                    "name": "JOBTITLE",
                                    "type": "EditLabel",
                                    "editType": "Input",
                                    "order": 1,
                                    "text": "[JOBTITLE]",
                                    "placeholder": "[JOBTITLE]"
								} 

                            ]
                        } 
                ]
            }, {
                "id": "",
                "name": "information",
                "type": "Container",
                "columns": 12,
                "order": 1,
                "childs": [{
                        "id": "",
                        "parentId": "",
                        "name": "left",
                        "type": "div",
                        "columns": 6,
                        "order": 0,
                        "childs": [{
                                "id": "",
                                "parentId": "",
                                "name": "Phone",
                                "type": "Label",
                                "order": 0,
                                "text": "[Phone]"
                            }, {
                                "id": "",
                                "parentId": "",
                                "name": "Phone",
                                "type": "EditLabel",
                                "order": 1,
                                "editType": "Input",
                                "placeholder": "[PhoneNumber]",
                                "value": null
                            }
                        ]
                    }, {
                        "id": "",
                        "parentId": "",
                        "name": "right",
                        "type": "div",
                        "columns": 6,
                        "order": 1,
                        "childs": [{
                                "id": "",
                                "parentId": "",
                                "name": "LinkedIn",
                                "type": "Label",
                                "order": 0,
                                "text": "[LinkedIn]"
                            }, {
                                "id": "",
                                "parentId": "",
                                "name": "LinkedIn",
                                "type": "EditLabel",
                                "order": 1,
                                "editType": "Input",
                                "placeholder": "[YourLinkedIn]",
                                "value": null
                            }
                        ]
                    }, {
                        "id": "",
                        "parentId": "",
                        "name": "left",
                        "type": "div",
                        "columns": 6,
                        "order": 3,
                        "childs": [{
                                "id": "",
                                "parentId": "",
                                "name": "Email",
                                "type": "Label",
                                "order": 0,
                                "text": "[Email]"
                            }, {
                                "id": "",
                                "parentId": "",
                                "name": "Email",
                                "type": "EditLabel",
                                "order": 1,
                                "editType": "Input",
                                "placeholder": "[Email]",
                                "value": null
                            }
                        ]
                    }
                ]
            }
        ]
    }, {
        "id": "",
        "name": "main content",
        "type": "Section",
        "cssClass": "section",
        "columns": 12,
        "order": 1,
        "childs": [{
                "id": "",
                "name": "left",
                "type": "div",
                "columns": 4,
                "order": 0,
                "childs": [{
                        "id": "",
                        "parentId": "",
                        "name": "Name",
                        "type": "Label",
                        "order": 0,
                        "editType": "Input",
                        "placeholder": "Full name",
                        "text": "[NAME]",
                        "value": null
                    }
                ]
            }, {
                "id": "",
                "name": "right",
                "type": "div",
                "columns": 8,
                "order": 1,
                "childs": [{
                        "id": "",
                        "parentId": "",
                        "name": "Label",
                        "type": "Label",
                        "order": 0,
                        "editType": "Input",
                        "placeholder": "Full name",
                        "text": "[NAME]",
                        "value": null
                    }
                ]
            }
        ]
    }
    ]

    }
